Prefix,num_cicloe,calle_prin,calle_secu,colonia,alcaldia,latitud,longitud,sitio_de_e,estatus
Ce,1,Río Sena,Río Balsas,Cuauhtemoc,Cuauhtemoc,19.4335895,-99.1678193,Arroyo,Instalada
Ce,2,Río Guadalquivir,Río Nazas,Cuauhtemoc,Cuauhtemoc,19.43062276,-99.17123066,Arroyo,Instalada
Ce,3,Reforma,Insurgentes,Tabacalera,Cuauhtemoc,19.43163,-99.158547,Banqueta,Instalada
Ce,4,Río Nilo,Río Panuco,Cuauhtemoc,Cuauhtemoc,19.428491,-99.171693,Arroyo,Instalada
Ce,5,Río Pánuco ,Río Tiber,Cuauhtemoc,Cuauhtemoc,19.429804,-99.169451,Arroyo,Instalada
Ce,6,Río Pánuco,Río Sena,Cuauhtemoc,Cuauhtemoc,19.430963,-99.166986,Arroyo,Instalada
Ce,7,Río Elba,Río Lerma,Cuauhtemoc,Cuauhtemoc,19.425355,-99.17515,Arroyo,Instalada
Ce,8,Reforma,General Prim,Tabacalera,Cuauhtemoc,19.431256,-99.158153,Banqueta,Instalada
Ce,9,Río Guadalquivir,Río Lerma,Cuauhtemoc,Cuauhtemoc,19.428184,-99.170013,Arroyo,Instalada
Ce,10,Reforma,Ramírez,Tabacalera,Cuauhtemoc,19.433431,-99.155142,Banqueta,Instalada
Ce,11,Río Amazonas,Río Lerma,Cuauhtemoc,Cuauhtemoc,19.431192,-99.163546,Arroyo,Instalada
Ce,12,Río Lerma,Villalongín,Cuauhtemoc,Cuauhtemoc,19.432223,-99.161686,Arroyo,Instalada
Ce,13,Reforma,Río Mississippi,Cuauhtemoc,Cuauhtemoc,19.424941,-99.17233,Banqueta,Instalada
Ce,14,Reforma,Río De Plata,Cuauhtemoc,Cuauhtemoc,19.42454,-99.173247,Banqueta,Instalada
Ce,15,Reforma,Río Mississippi,Cuauhtemoc,Cuauhtemoc,19.425597,-99.171409,Banqueta,Instalada
Ce,16,Reforma,Río Tiber,Cuauhtemoc,Cuauhtemoc,19.4267528,-99.16861944,Banqueta,Instalada
Ce,17,Reforma,Río Tiber,Cuauhtemoc,Cuauhtemoc,19.427553,-99.167396,Banqueta,Instalada
Ce,18,Reforma,Río Rhin,Cuauhtemoc,Cuauhtemoc,19.428802,-99.164381,Banqueta,Instalada
Ce,19,Reforma,Río Rhin,Cuauhtemoc,Cuauhtemoc,19.429453,-99.16283,Banqueta,Instalada
Ce,20,Reforma,Río Támesis,Cuauhtemoc,Cuauhtemoc,19.430907,-99.160148,Banqueta,Instalada
Ce,21,Reforma,Dublín,Juarez,Cuauhtemoc,19.424784,-99.172119,Banqueta,Instalada
Ce,22,Reforma,Manchester,Juarez,Cuauhtemoc,19.424784,-99.172119,Banqueta,Instalada
Ce,23,Reforma,Praga,Juarez,Cuauhtemoc,19.42528,-99.171099,Banqueta,Instalada
Ce,24,Reforma,Varsovia,Juarez,Cuauhtemoc,19.426614,-99.168078,Banqueta,Instalada
Ce,25,Reforma,Estocolmo,Juarez,Cuauhtemoc,19.427338,-99.16672,Banqueta,Instalada
Ce,26,Reforma,Versalles,Juarez,Cuauhtemoc,19.432595,-99.154995,Banqueta,Instalada
Ce,27,Reforma,Havre,Juarez,Cuauhtemoc,19.42916,-99.162703,Banqueta,Instalada
Ce,28,Toledo,Tokio,Juarez,Cuauhtemoc,19.423664,-99.172568,Arroyo,Instalada
Ce,29,Reforma,Bucareli,Centro,Cuauhtemoc,19.434944,-99.150295,Banqueta,Instalada
Ce,30,Hamburgo,Amberes,Juarez,Cuauhtemoc,19.426384,-99.164255,Arroyo,Instalada
Ce,31,Hamburgo,Insurgentes,Juarez,Cuauhtemoc,19.427937,-99.161245,Arroyo,Instalada
Ce,32,Londres,Sevilla,Juarez,Cuauhtemoc,19.4226672,-99.1699751,Arroyo,Instalada
Ce,33,Londres,Florencia,Juarez,Cuauhtemoc,19.424187,-99.166497,Arroyo,Instalada
Ce,34,Liverpool,Génova,Juarez,Cuauhtemoc,19.424584,-99.163688,Arroyo,Instalada
Ce,35,Liverpool,Génova,Juarez,Cuauhtemoc,19.424558,-99.163518,Arroyo,Instalada
Ce,36,Puebla,Veracruz,Roma Norte,Cuauhtemoc,19.41966,-99.17588,Arroyo,Instalada
Ce,37,Guadalajara,Puebla,Roma Norte,Cuauhtemoc,19.4204398,-99.1727208,Arroyo,Instalada
Ce,38,Cozumel,Puebla,Roma Norte,Cuauhtemoc,19.4208433,-99.1713729,Arroyo,Instalada
Ce,39,Puebla,Medellín,Roma Norte,Cuauhtemoc,19.421762,-99.166931,Arroyo,Instalada
Ce,40,Oaxaca,Puebla,Roma Norte,Cuauhtemoc,19.422379,-99.164137,Banqueta,Instalada
Ce,41,Reforma,Av. De La República,Tabacalera,Cuauhtemoc,19.43542,-99.150317,Banqueta,Instalada
Ce,42,Sinaloa,Valladolid,Roma Norte,Cuauhtemoc,19.420627,-99.16821,Arroyo,Instalada
Ce,43,Revillagigedo,Juárez,Centro,Cuauhtemoc,19.4351365,-99.1460756,Banqueta,Instalada
Ce,44,Durango,Veracruz,Roma Norte,Cuauhtemoc,19.418141,-99.174709,Banqueta,Instalada
Ce,45,Durango,Sonora,Roma Norte,Cuauhtemoc,19.418749,-99.171942,Banqueta,Instalada
Ce,46,Durango,Salamanca,Roma Norte,Cuauhtemoc,19.41919,-99.169764,Arroyo,Instalada
Ce,47,Plaza Madrid,Medellín,Roma Norte,Cuauhtemoc,19.41955,-99.166214,Arroyo,Instalada
Ce,48,Independencia,Azueta,Centro,Cuauhtemoc,19.433705,-99.146665,Banqueta,Instalada
Ce,49,Mazatlán,Juan De La Barrera,Condesa,Cuauhtemoc,19.41689,-99.17562,Banqueta,Instalada
Ce,50,Cuernavaca,Veracruz,Condesa,Cuauhtemoc,19.416886,-99.173591,Arroyo,Instalada
Ce,51,Colima,Oaxaca,Roma Norte,Cuauhtemoc,19.418031,-99.168435,Arroyo,Instalada
Ce,52,Hidalgo,Trujano,Centro,Cuauhtemoc,19.436208,-99.141931,Banqueta,Instalada
Ce,53,Fernando Montes De Oca,Tula,Condesa,Cuauhtemoc,19.4148233,-99.1783527,Arroyo,Instalada
Ce,54,Parque España,Sonora,Condesa,Cuauhtemoc,19.416163,-99.170795,Arroyo,Instalada
Ce,55,5 De Mayo,Bolívar,Centro,Cuauhtemoc,19.434514,-99.138068,Banqueta,Instalada
Ce,56,Alvaro Obregón,Medellin,Roma Norte,Cuauhtemoc,19.417102,-99.165607,Banqueta,Instalada
Ce,57,Cuernavaca,Juan Escutia,Condesa,Cuauhtemoc,19.414968,-99.174766,Arroyo,Instalada
Ce,58,Parque España,Juan De La Barrera,Condesa,Cuauhtemoc,19.415358,-99.171902,Banqueta,Instalada
Ce,59,Popocatépetl,Ámsterdam,Hipodromo,Cuauhtemoc,19.415237,-99.16659,Arroyo,Instalada
Ce,60,Mazatlán,Fernando Montes De Oca,Condesa,Cuauhtemoc,19.414119,-99.177214,Banqueta,Instalada
Ce,61,Avenida México,Sonora,Hipodromo,Cuauhtemoc,19.413789,-99.169427,Arroyo,Instalada
Ce,62,Fernando Montes De Oca,Amatlan,Condesa,Cuauhtemoc,19.413314,-99.175225,Arroyo,Instalada
Ce,63,Nuevo León,Laredo,Hipodromo,Cuauhtemoc,19.41299,-99.171675,Banqueta,Instalada
Ce,64,Sonora,Ámsterdam,Hipodromo,Cuauhtemoc,19.412982,-99.166936,Arroyo,Instalada
Ce,65,Marconi,Tacuba,Centro,Cuauhtemoc,19.436522,-99.139811,Arroyo,Instalada
Ce,66,Mazatlán,Francisco Márquez,Condesa,Cuauhtemoc,19.411825,-99.178456,Banqueta,Instalada
Ce,67,Vicente Suárez,Michoacán,Condesa,Cuauhtemoc,19.411703,-99.175753,Arroyo,Instalada
Ce,68,Tamaulipas,Michoacán,Condesa,Cuauhtemoc,19.411771,-99.173783,Banqueta,Instalada
Ce,69,Michoacán,Ámsterdam,Hipodromo,Cuauhtemoc,19.410797,-99.168143,Arroyo,Instalada
Ce,70,Parque México,Michoacán,Hipodromo,Cuauhtemoc,19.41128,-99.169825,Arroyo,Instalada
Ce,71,Amsterdam,Michoacan,Hipodromo,Cuauhtemoc,19.411361,-99.171271,Arroyo,Instalada
Ce,72,Mazatlán,Alfonso Reyes,Hipodromo Condesa,Cuauhtemoc,19.409859,-99.179565,Banqueta,Instalada
Ce,73,Campeche,Tamaulipas,Hipodromo Condesa,Cuauhtemoc,19.410073,-99.175542,Arroyo,Instalada
Ce,74,Nuevo León,Ozulama,Hipodromo,Cuauhtemoc,19.410468,-99.172802,Banqueta,Instalada
Ce,75,Alfonso Reyes,Atlixco,Hipodromo Condesa,Cuauhtemoc,19.408676,-99.176759,Banqueta,Instalada
Ce,76,Chilpancingo,Campeche,Hipodromo,Cuauhtemoc,19.4086886,-99.169938,Arroyo,Instalada
Ce,77,Choapan,Tamaulipas,Hipodromo,Cuauhtemoc,19.406745,-99.178272,Arroyo,Instalada
Ce,78,Benjamín Hill,Tamaulipas,Hipodromo,Cuauhtemoc,19.407512,-99.177361,Arroyo,Instalada
Ce,79,Saltillo,Alfonso Reyes,Hipodromo,Cuauhtemoc,19.407479,-99.174403,Banqueta,Instalada
Ce,80,Nuevo León,Aguascalientes,Hipodromo,Cuauhtemoc,19.407233,-99.172131,Banqueta,Instalada
Ce,81,Aguascalientes,Insurgentes,Hipodromo,Cuauhtemoc,19.407927,-99.168734,Arroyo,Instalada
Ce,82,Independencia,Marroquí,Centro,Cuauhtemoc,19.433344,-99.14404,Banqueta,Instalada
Ce,83,Alfonso Reyes,Nuevo León,Hipodromo,Cuauhtemoc,19.40655,-99.172275,Arroyo,Instalada
Ce,84,Chilpancingo,Tlaxcala,Hipodromo,Cuauhtemoc,19.406872,-99.169572,Arroyo,Instalada
Ce,85,Rosas Moreno,Sullivan,San Rafael,Cuauhtemoc,19.434081,-99.162434,Arroyo,Instalada
Ce,86,Sullivan,Insurgentes,San Rafael,Cuauhtemoc,19.432452,-99.15924,Banqueta,Instalada
Ce,87,Gante,Venustiano Carranza,Centro,Cuauhtemoc,19.432024,-99.139705,Banqueta,Instalada
Ce,88,2A Cerrada De 5 De Mayo,Palma,Centro,Cuauhtemoc,19.433757,-99.135331,Banqueta,Instalada
Ce,89,República De Guatemala,Monte De Piedad,Centro,Cuauhtemoc,19.434962,-99.133729,Banqueta,Instalada
Ce,90,José María Pino Suárez,Corregidora,Centro,Cuauhtemoc,19.43144,-99.132513,Banqueta,Instalada
Ce,91,Republica De Cuba,Allende,Centro,Cuauhtemoc,19.4374,-99.137571,Arroyo,Instalada
Ce,92,San Ildefonso,República De Argentina,Centro,Cuauhtemoc,19.436531,-99.131497,Banqueta,Instalada
Ce,93,Palma Norte,República De Cuba,Centro,Cuauhtemoc,19.436741,-99.134811,Arroyo,Instalada
Ce,94,Lic. Verdad,Moneda,Centro,Cuauhtemoc,19.433766,-99.130918,Arroyo,Instalada
Ce,95,20 De Noviembre,Venustiano Carranza,Centro,Cuauhtemoc,19.430722,-99.133698,Banqueta,Instalada
Ce,96,López,Ayuntamiento,Centro,Cuauhtemoc,19.430625,-99.14248,Arroyo,Instalada
Ce,97,República De Salvador,Pino Suárez,Centro,Cuauhtemoc,19.429189,-99.132759,Camell<F3>N,Instalada
Ce,98,Emilio Dondé,Av. Balderas,Centro,Cuauhtemoc,19.430267,-99.14861,Arroyo,Instalada
Ce,99,Ernesto Pugibet,Luis Moya,Centro,Cuauhtemoc,19.429947,-99.14591,Arroyo,Instalada
Ce,100,20 De Noviembre,Mesones,Centro,Cuauhtemoc,19.428485,-99.1338,Banqueta,Instalada
Ce,102,Echeveste,Bolivar,Centro,Cuauhtemoc,19.428214,-99.139494,Banqueta,Instalada
Ce,103,Joaquín Velázquez De León,García Icazbalceta,San Rafael,Cuauhtemoc,19.441533,-99.165268,Arroyo,Instalada
Ce,104,San Jerónimo,Isabel La Católica,Centro,Cuauhtemoc,19.427059,-99.137116,Banqueta,Instalada
Ce,105,San Jerónimo,5 De Febrero,Centro,Cuauhtemoc,19.426755,-99.135014,Arroyo,Instalada
Ce,106,San Jerónimo,José María Pino Suarez,Centro,Cuauhtemoc,19.42649,-99.133537,Banqueta,Instalada
Ce,107-108,Tolsa,Balderas,Centro,Cuauhtemoc,19.427329,-99.149971,Arroyo,Instalada
Ce,109,Nezahualcóyotl,Isabel La Católica,Centro,Cuauhtemoc,19.425311,-99.137421,Arroyo,Instalada
Ce,110,Dr. Valenzuela,Dr. Río De La Loza,Doctores,Cuauhtemoc,19.425126,-99.143391,Arroyo,Instalada
Ce,111,Guillermo Prieto,Joaquín Velázquez De León,San Rafael,Cuauhtemoc,19.438197,-99.165918,Arroyo,Instalada
Ce,112,Av. Morelos,Abraham González,Juarez,Cuauhtemoc,19.432819,-99.151734,Banqueta,Instalada
Ce,113,General Prim,Versalles,Juarez,Cuauhtemoc,19.430369,-99.154419,Arroyo,Instalada
Ce,114,Lucerna,Abraham González,Juarez,Cuauhtemoc,19.428989,-99.153618,Arroyo,Instalada
Ce,115,Roma,Dinamarca,Juarez,Cuauhtemoc,19.429947,-99.159698,Arroyo,Instalada
Ce,116,Londres,Roma,Juarez,Cuauhtemoc,19.428985,-99.15664,Arroyo,Instalada
Ce,117,Londres,Nápoles,Juarez,Cuauhtemoc,19.427132,-99.160369,Arroyo,Instalada
Ce,118,Liverpool,Dinamarca,Juarez,Cuauhtemoc,19.427114,-99.158251,Arroyo,Instalada
Ce,119,Turín,Abraham González,Juarez,Cuauhtemoc,19.426785,-99.155535,Arroyo,Instalada
Ce,120,Marsella,Nápoles,Juarez,Cuauhtemoc,19.425437,-99.159458,Arroyo,Instalada
Ce,121,Niza,Chapultepec,Juarez,Cuauhtemoc,19.424137,-99.161317,Arroyo,Instalada
Ce,122,José María Vértiz,Av. Dr. Río De La Loza,Doctores,Cuauhtemoc,19.425502,-99.146337,Arroyo,Instalada
Ce,123,Claudio Bernard,Dr. Lavista,Doctores,Cuauhtemoc,19.424161,-99.153117,Arroyo,Instalada
Ce,124,Claudio Bernard,Dr. Liceaga,Doctores,Cuauhtemoc,19.422392,-99.150358,Arroyo,Instalada
Ce,125,Morelia,Circular De Morelia,Roma Norte,Cuauhtemoc,19.424197,-99.156127,Arroyo,Instalada
Ce,126,Jalapa,Puebla,Roma Norte,Cuauhtemoc,19.422288,-99.162138,Arroyo,Instalada
Ce,127,Puebla,Merida,Roma Norte,Cuauhtemoc,19.423318,-99.15833,Arroyo,Instalada
Ce,128,Orizaba,Río De Janeiro,Roma Norte,Cuauhtemoc,19.422148,-99.160645,Arroyo,Instalada
Ce,129,Tonalá,Durango,Roma Norte,Cuauhtemoc,19.4206,-99.163312,Arroyo,Instalada
Ce,130,Mérida,Durango,Roma Norte,Cuauhtemoc,19.421576,-99.158015,Arroyo,Instalada
Ce,131,Colima,Jalapa,Roma Norte,Cuauhtemoc,19.419579,-99.161314,Arroyo,Instalada
Ce,132,Colima,Frontera,Roma Norte,Cuauhtemoc,19.420667,-99.15645,Arroyo,Instalada
Ce,133,Colima,Morelia,Roma Norte,Cuauhtemoc,19.421138,-99.154725,Arroyo,Instalada
Ce,134,Álvaro Obregón,Orizaba,Roma Norte,Cuauhtemoc,19.418304,-99.15956,Camell<F3>N,Instalada
Ce,135,Álvaro Obregón,Morelia,Roma Norte,Cuauhtemoc,19.419225,-99.155099,Camell<F3>N,Instalada
Ce,136,Álvaro Obregón,Tonalá,Roma Norte,Cuauhtemoc,19.417715,-99.162729,Camell<F3>N,Instalada
Ce,137,Álvaro Obregón,Mérida,Roma Norte,Cuauhtemoc,19.418774,-99.157081,Camell<F3>N,Instalada
Ce,138,Guanajuato,Frontera,Roma Norte,Cuauhtemoc,19.417702,-99.155313,Arroyo,Instalada
Ce,139,Tonalá,Guanajuato,Roma Norte,Cuauhtemoc,19.416128,-99.162097,Arroyo,Instalada
Ce,140,Mérida,Zacatecas,Roma Norte,Cuauhtemoc,19.416596,-99.156879,Arroyo,Instalada
Ce,141,Zacatecas,Luis Cabrera,Roma Norte,Cuauhtemoc,19.415905,-99.15954,Arroyo,Instalada
Ce,142,San Luis Potosí,Eje 2 Pte. Monterrey,Roma Norte,Cuauhtemoc,19.413232,-99.164121,Arroyo,Instalada
Ce,143,Córdoba,San Luis Potosí,Roma Norte,Cuauhtemoc,19.414303,-99.157542,Arroyo,Instalada
Ce,144,Frontera,San Luis Potosí,Roma Norte,Cuauhtemoc,19.415192,-99.154837,Arroyo,Instalada
Ce,145,Yucatán,Chiapas,Roma Norte,Cuauhtemoc,19.41286,-99.160661,Arroyo,Instalada
Ce,146,Coahuila,Manzanillo,Roma Norte,Cuauhtemoc,19.410737,-99.165716,Arroyo,Instalada
Ce,147,Coahuila,Orizaba,Roma Norte,Cuauhtemoc,19.412182,-99.158443,Arroyo,Instalada
Ce,148,Coahuila,Av. Cuauhtémoc,Roma Norte,Cuauhtemoc,19.412829,-99.155116,Arroyo,Instalada
Ce,149,Mérida,Antonio M. Anza,Roma Sur,Cuauhtemoc,19.41199,-99.155699,Arroyo,Instalada
Ce,150,Campeche,Medellín,Roma Sur,Cuauhtemoc,19.409894,-99.164288,Arroyo,Instalada
Ce,151,Campeche,Tonalá,Roma Sur,Cuauhtemoc,19.410529,-99.160873,Arroyo,Instalada
Ce,152,Tlacotalpan,Campeche,Roma Sur,Cuauhtemoc,19.409098,-99.167181,Arroyo,Instalada
Ce,153,Manzanillo,Tlaxcala,Roma Sur,Cuauhtemoc,19.407468,-99.165141,Arroyo,Instalada
Ce,154,Tuxpan,Tlaxcala,Roma Sur,Cuauhtemoc,19.406683,-99.167962,Arroyo,Instalada
Ce,155,Jalapa,Tlaxcala,Roma Sur,Cuauhtemoc,19.408218,-99.159911,Arroyo,Instalada
Ce,156,Tepic,Ario,Roma Sur,Cuauhtemoc,19.406959,-99.163021,Arroyo,Instalada
Ce,157,Tepic,Tlacotalpan,Roma Sur,Cuauhtemoc,19.406236,-99.166616,Arroyo,Instalada
Ce,158-159,Huatabampo,Eje 1 Pte. Av. Cuauhtémoc,Roma Sur,Cuauhtemoc,19.407507,-99.155541,Arroyo,Instalada
Ce,160,Alfonso Herrera,Gabino Barreda,San Rafael,Cuauhtemoc,19.440252,-99.163455,Arroyo,Instalada
Ce,161,Quintana Roo,Manzanillo,Roma Sur,Cuauhtemoc,19.405533,-99.164913,Arroyo,Instalada
Ce,162,Tehuantepec,Medellín,Roma Sur,Cuauhtemoc,19.404907,-99.162485,Arroyo,Instalada
Ce,163,Toluca,Bajío,Roma Sur,Cuauhtemoc,19.405246,-99.15643,Arroyo,Instalada
Ce,164,Bajío,Tlacotalpan,Roma Sur,Cuauhtemoc,19.403204,-99.16596,Arroyo,Instalada
Ce,165,Bajío,Eje 2 Pte. Monterrey,Roma Sur,Cuauhtemoc,19.404268,-99.160503,Arroyo,Instalada
Ce,166,Progreso,Cda. Antonio Maceo,Escandon,Miguel Hidalgo,19.406069,-99.183549,Arroyo,Instalada
Ce,167,General Salvador Alvarado,Progreso,Escandon,Miguel Hidalgo,19.404651,-99.179375,Arroyo,Instalada
Ce,168,Comercio,Progreso,Escandon,Miguel Hidalgo,19.403997,-99.1776,Arroyo,Instalada
Ce,169,Prosperidad,Progreso,Escandon,Miguel Hidalgo,19.403019,-99.174934,Arroyo,Instalada
Ce,170,Observatorio Oriente,Revolución,Escandon,Miguel Hidalgo,19.404029,-99.184342,Arroyo,Instalada
Ce,171,Comercio,Jose Martí,Escandon,Miguel Hidalgo,19.4025195,-99.1781595,Arroyo,Instalada
Ce,172,General Francisco Murguía,José Martí,Escandon,Miguel Hidalgo,19.4034757,-99.1817166,Arroyo,Instalada
Ce,173,Minería,José Martí,Escandon,Miguel Hidalgo,19.401682,-99.176398,Arroyo,Instalada
Ce,174,Joaquín Garcia Icazbalceta,Ignacio Manuel Altamirano,San Rafael,Cuauhtemoc,19.441114,-99.161636,Arroyo,Instalada
Ce,175,Mutualismo,José Martí,Escandon,Miguel Hidalgo,19.400767,-99.172533,Arroyo,Instalada
Ce,176,Av. Jesús García,Luis Donaldo Colosio,Buenavista,Cuauhtemoc,19.442717,-99.152262,Arroyo,Instalada
Ce,177,Benjamín Hill,Carlos Zetina,Hipodromo Condesa,Cuauhtemoc,19.408841,-99.181692,Arroyo,Instalada
Ce,178,Tamaulipas,Francisco Murguía,Hipodromo Condesa,Cuauhtemoc,19.406833,-99.180457,Arroyo,Instalada
Ce,179,Nuevo León,Quintana Roo,Hipodromo,Cuauhtemoc,19.404452,-99.171438,Camell<F3>N,Instalada
Ce,180,Quintana Roo,Villahermosa,Hipodromo,Cuauhtemoc,19.404554,-99.169953,Arroyo,Instalada
Ce,181,Benjamín Franklin,Ometusco,Hipodromo,Cuauhtemoc,19.404733,-99.174461,Arroyo,Instalada
Ce,182,Progreso,Astrónomos,Escandon,Miguel Hidalgo,19.40198,-99.17132,Arroyo,Instalada
Ce,183,Gabino Barreda,Guillermo Prieto,San Rafael,Cuauhtemoc,19.437665,-99.164018,Arroyo,Instalada
Ce,184,General Gómez Pedraza,Gobernador Tiburcio Montiel,San Miguel Chapultepec,Miguel Hidalgo,19.414793,-99.185083,Arroyo,Instalada
Ce,185,General Antonio Léon,General Pedro Antonio De Los Santos,San Miguel Chapultepec,Miguel Hidalgo,19.412776,-99.182805,Arroyo,Instalada
Ce,186,Gob. Gregorio V. Gelati,Gral. Francisco Molinos Del Campo,San Miguel Chapultepec,Miguel Hidalgo,19.412455,-99.188489,Arroyo,Instalada
Ce,187,General Cano,Gobernador Gregorio V. Gelati,San Miguel Chapultepec,Miguel Hidalgo,19.411227,-99.185514,Arroyo,Instalada
Ce,188,Gobernador Melchor Múzquiz,Gobernador Ignacio Esteva,San Miguel Chapultepec,Miguel Hidalgo,19.411711,-99.190139,Arroyo,Instalada
Ce,189,Gobernador Rafael Rebollar,Gobernador José Ceballos,San Miguel Chapultepec,Miguel Hidalgo,19.410036,-99.187978,Arroyo,Instalada
Ce,190,Gobernador Ignacio Esteva,Maestro José Vasconcelos,San Miguel Chapultepec,Miguel Hidalgo,19.409577,-99.183818,Arroyo,Instalada
Ce,191,Gobernador Rafael Rebollar,Gobernador Vicente Eguía,San Miguel Chapultepec,Miguel Hidalgo,19.40796,-99.187901,Arroyo,Instalada
Ce,192-193,Rubén Darío,Reforma,Bosque De Chapultepec,Miguel Hidalgo,19.42592,-99.190755,Camell<F3>N,Instalada
Ce,194,Circuito Mahatma Gandhi,Reforma,Bosque De Chapultepec,Miguel Hidalgo,19.424282,-99.180334,Banqueta,Instalada
Ce,195,Reforma,Circuito Mahatma Gandhi,Bosque De Chapultepec,Miguel Hidalgo,19.424858,-99.185181,Camell<F3>N,Instalada
Ce,196,Lago Tanganica,Av. Ejército Nacional,Granada,Miguel Hidalgo,19.438349,-99.192904,Arroyo,Instalada
Ce,197,Presa Falcón,Miguel De Cervantes Saavedra,Ampliacion Granada,Miguel Hidalgo,19.440501,-99.205086,Arroyo,Instalada
Ce,198,Sócrates,Ejército Nacional,Polanco,Miguel Hidalgo,19.438168,-99.203888,Arroyo,Instalada
Ce,199,Anatole France,Av. Ejército Nacional,Polanco,Miguel Hidalgo,19.437934,-99.197241,Arroyo,Instalada
Ce,200,Emerson,Av. Ejército Nacional,Polanco,Miguel Hidalgo,19.437596,-99.188785,Arroyo,Instalada
Ce,201,Lope De Vega,Av. Ejército Nacional,Polanco,Miguel Hidalgo,19.437431,-99.187215,Arroyo,Instalada
Ce,202,Calderón De La Barca,Av. Homero,Polanco,Miguel Hidalgo,19.436064,-99.198898,Arroyo,Instalada
Ce,203,Tennyson,Av. Homero,Polanco,Miguel Hidalgo,19.435985,-99.194832,Arroyo,Instalada
Ce,204,Temístocles,Homero,Polanco,Miguel Hidalgo,19.435882,-99.19152,Arroyo,Instalada
Ce,205,Taine,Homero,Polanco,Miguel Hidalgo,19.435525,-99.184713,Arroyo,Instalada
Ce,206,Homero,Moliere,Polanco,Miguel Hidalgo,19.436142,-99.200996,Arroyo,Instalada
Ce,207,Torquato Tasso,Homero,Polanco,Miguel Hidalgo,19.434861,-99.183322,Arroyo,Instalada
Ce,208,Hesiodo,Lamartine,Polanco,Miguel Hidalgo,19.434182,-99.189835,Arroyo,Instalada
Ce,209,Solón,Horacio,Polanco,Miguel Hidalgo,19.435478,-99.206359,Arroyo,Instalada
Ce,210,Eugenio Sue,Horacio,Polanco,Miguel Hidalgo,19.434076,-99.194091,Arroyo,Instalada
Ce,211,Isaac Newton,Horacio,Polanco,Miguel Hidalgo,19.433607,-99.188528,Arroyo,Instalada
Ce,212,Hegel,Horacio,Polanco,Miguel Hidalgo,19.433567,-99.188096,Arroyo,Instalada
Ce,213,Solón,Cicerón,Polanco,Miguel Hidalgo,19.434361,-99.206342,Arroyo,Instalada
Ce,214,Platón,Horacio,Polanco,Miguel Hidalgo,19.434353,-99.20322,Arroyo,Instalada
Ce,215,Edgar Alan Poe,Horacio,Polanco,Miguel Hidalgo,19.43384,-99.19968,Arroyo,Instalada
Ce,216,Alejandro Dumas,Horacio,Polanco,Miguel Hidalgo,19.433419,-99.195746,Arroyo,Instalada
Ce,217,Euler,Horacio,Polanco,Miguel Hidalgo,19.432888,-99.183605,Arroyo,Instalada
Ce,218,Hegel,Ibarbourou,Polanco,Miguel Hidalgo,19.432451,-99.188033,Arroyo,Instalada
Ce,219,Esopo,Fc De Cuernavaca,Polanco,Miguel Hidalgo,19.433542,-99.207808,Arroyo,Instalada
Ce,220,Plinio,Presidente Masaryk,Polanco,Miguel Hidalgo,19.432655,-99.205727,Arroyo,Instalada
Ce,221,Emilio Castelar,Presidente Masaryk,Polanco,Miguel Hidalgo,19.431799,-99.201565,Arroyo,Instalada
Ce,222,Alejandro Dumas,Presidente Masarik,Polanco,Miguel Hidalgo,19.431417,-99.195774,Arroyo,Instalada
Ce,223,Isaac Newton,Presidente Masaryk,Polanco,Miguel Hidalgo,19.431242,-99.191613,Arroyo,Instalada
Ce,224,Hegel,Presidente Masaryk,Polanco,Miguel Hidalgo,19.431255,-99.188065,Arroyo,Instalada
Ce,225,Petrarca,Presidente Masaryk,Polanco,Miguel Hidalgo,19.431172,-99.185612,Arroyo,Instalada
Ce,226,Wallon,Presidente Masaryk,Polanco,Miguel Hidalgo,19.431033,-99.18222,Arroyo,Instalada
Ce,227,Campos Elíseos,Periférico,Polanco,Miguel Hidalgo,19.431791,-99.207373,Arroyo,Instalada
Ce,228,Campos Elíseos,La Fontaine,Polanco,Miguel Hidalgo,19.427705,-99.19912,Arroyo,Instalada
Ce,229,Carlos Dickens,Séneca,Polanco,Miguel Hidalgo,19.430515,-99.203331,Banqueta,Instalada
Ce,230,Edgar Allan Poe,Carlos Dickens,Polanco,Miguel Hidalgo,19.430098,-99.200074,Banqueta,Instalada
Ce,231,Isaac Newton,Aristóteles,Polanco,Miguel Hidalgo,19.42977,-99.19349,Arroyo,Instalada
Ce,232,Taine,Rubén Darío,Polanco,Miguel Hidalgo,19.42894,-99.185389,Arroyo,Instalada
Ce,233,Julio Verne,Luis G. Urbina,Polanco,Miguel Hidalgo,19.429314,-99.196965,Arroyo,Instalada
Ce,234,Tres Picos,Arquímides,Polanco,Miguel Hidalgo,19.42783,-99.191539,Arroyo,Instalada
Ce,235-236,Campos Elíseos,Moliere,Polanco,Miguel Hidalgo,19.429332,-99.202181,Arroyo,Instalada
Ce,237-238,Andrés Bello,George Eliot,Polanco,Miguel Hidalgo,19.426744,-99.193986,Arroyo,Instalada
Ce,239,Rincón Del Bosque,Ruben Darío,Polanco,Miguel Hidalgo,19.430153,-99.181355,Arroyo,Instalada
Ce,240,Ejército Nacional,F.C. De Cuernavaca,Polanco,Miguel Hidalgo,19.438551,-99.206298,Camell<F3>N,Instalada
Ce,241,Ejército Nacional,Juan Vázquez De La Mella,Polanco,Miguel Hidalgo,19.438616,-99.207577,Camell<F3>N,Instalada
Ce,242,Pról. Moliere,Miguel De Cervantes Saavedra,Polanco,Miguel Hidalgo,19.440195,-99.200715,Arroyo,Instalada
Ce,243,Lago Filt,Miguel De Cervantes Saavedra,Granada,Miguel Hidalgo,19.441123,-99.195857,Arroyo,Instalada
Ce,244,Lago Victoria,Miguel De Cervantes Saavedra,Granada,Miguel Hidalgo,19.440508,-99.193681,Arroyo,Instalada
Ce,245,Lago Onega,Av. Ejército Nacional,Granada,Miguel Hidalgo,19.438347,-99.190503,Arroyo,Instalada
Ce,246,Leibnitz,Thiers,Anzures,Miguel Hidalgo,19.434147,-99.179835,Arroyo,Instalada
Ce,247,Herschel,Rousseau,Anzures,Miguel Hidalgo,19.432276,-99.18064,Arroyo,Instalada
Ce,248,Shakespeare,Lafayette,Anzures,Miguel Hidalgo,19.43175,-99.177399,Arroyo,Instalada
Ce,249,Shakespeare,Darwin,Anzures,Miguel Hidalgo,19.429877,-99.177569,Arroyo,Instalada
Ce,250,Darwin,Mariano Escobedo,Anzures,Miguel Hidalgo,19.428949,-99.179796,Banqueta,Instalada
Ce,251,Goethe,Darwin,Anzures,Miguel Hidalgo,19.429261,-99.17538,Arroyo,Instalada
Ce,252,Víctor Hugo,Shakespeare,Anzures,Miguel Hidalgo,19.427575,-99.17702,Arroyo,Instalada
Ce,253,Dante,Tolstoi,Anzures,Miguel Hidalgo,19.4264486,-99.1781433,Arroyo,Instalada
Ce,254,Alfonso Herrera,Miguel Shultz,San Rafael,Cuauhtemoc,19.439347,-99.160074,Arroyo,Instalada
Ce,255,José Rosas Moreno,Guillermo Prieto,San Rafael,Cuauhtemoc,19.437118,-99.161862,Arroyo,Instalada
Ce,256,Gómez Farías,Sadi Carnot,San Rafael,Cuauhtemoc,19.437167,-99.158313,Arroyo,Instalada
Ce,257,Manuel Maria Contreras,Villalongin,San Rafael,Cuauhtemoc,19.433803,-99.166223,Arroyo,Instalada
Ce,258,Circuito Interior,Juan Escutia,Condesa,Cuauhtemoc,19.4165298,-99.1790435,Banqueta,Instalada
Ce,259,Tómas Alva Edison,Ponciano Arriaga,Tabacalera,Cuauhtemoc,19.437569,-99.15468,Arroyo,Instalada
Ce,260,Av. Juárez,Balderas,Centro,Cuauhtemoc,19.4352787,-99.1477913,Banqueta,Instalada
Ce,261,Paseo De La Reforma,Río De La Plata,Cuauhtemoc,Cuauhtemoc,19.42491,-99.172455,Camell<F3>N,Instalada
Ce,262,República De Cuba,República De Brasil,Centro,Cuauhtemoc,19.436931,-99.133952,Arroyo,Instalada
Ce,263,Sadi Carnot,Gómez Farias,San Rafael,Cuauhtemoc,19.436274,-99.158425,Arroyo,Instalada
Ce,264-275,Héroes Ferrocarrileros,Jesús Garcia,Buenavista,Cuauhtemoc,19.440985,-99.152935,Arroyo,Instalada
Ce,265,Mina,Jesús García,Buenavista,Cuauhtemoc,19.440839,-99.152265,Arroyo,Instalada
Ce,266-267,Jesús García,Carlos J. Meneses,Buenavista,Cuauhtemoc,19.444031,-99.152187,Arroyo,Instalada
Ce,268-269,Luis Donaldo Colosio,Av. Jesús García,Buenavista,Cuauhtemoc,19.442467,-99.151658,Arroyo,Instalada
Ce,270,De La República,Ponciano Arriaga,Tabacalera,Cuauhtemoc,19.436764,-99.153865,Banqueta,Instalada
Ce,271-272,Jesús García,Carlos J. Meneses,Buenavista,Cuauhtemoc,19.443684,-99.152465,Arroyo,Instalada
Ce,273-274,Luis Donaldo Colosio,Av. Jesús García,Buenavista,Cuauhtemoc,19.442707,-99.152956,Arroyo,Instalada
Ce,276,Anaxágoras,Obrero Mundial,Narvarte Poniente,Benito Juarez,19.401986,-99.156366,Arroyo,Instalada
Ce,277,Prolongación Tonalá,Obrero Mundial,Narvarte Poniente,Benito Juarez,19.401807,-99.15909,Arroyo,Instalada
Ce,278,Mier Y Pesado,Obrero Mundial,Del Valle Norte,Benito Juarez,19.40071,-99.163831,Arroyo,Instalada
Ce,279,La Morena,Providencia,Del Valle Norte,Benito Juarez,19.399908,-99.166553,Arroyo,Instalada
Ce,280,Anaxágoras,Obrero Mundial,Narvarte Poniente,Benito Juarez,19.4015,-99.156406,Arroyo,Instalada
Ce,281,Pitágoras,La Morena,Narvarte Poniente,Benito Juarez,19.398532,-99.157308,Arroyo,Instalada
Ce,282,La Morena,Eje 2 Poniente Gabriel Mancera,Del Valle Norte,Benito Juarez,19.398692,-99.161273,Arroyo,Instalada
Ce,283,Av. Coyoacán,Rafael Dondé,Del Valle Norte,Benito Juarez,19.397923,-99.167248,Arroyo,Instalada
Ce,284,Dakota,Vermont,Napoles,Benito Juarez,19.397693,-99.172981,Arroyo,Instalada
Ce,285,12 De Octubre,Minería,Escandon,Miguel Hidalgo,19.399763,-99.177538,Arroyo,Instalada
Ce,286,13 De Septiembre,Avenida Patriotismo,Escandon,Miguel Hidalgo,19.399201,-99.179943,Arroyo,Instalada
Ce,287,13 De Septiembre,Puente De La Morena,Escandon,Miguel Hidalgo,19.398946,-99.183254,Arroyo,Instalada
Ce,288,11 De Abril,Avenida 2,San Pedro De Los Pinos,Benito Juarez,19.396359,-99.183579,Arroyo,Instalada
Ce,290,Yosemite,Colorado,Napoles,Benito Juarez,19.396333,-99.172667,Arroyo,Instalada
Ce,291,Magdalena,División Del Norte,Del Valle Norte,Benito Juarez,19.397651,-99.169946,Arroyo,Instalada
Ce,292,Adolfo Prieto,Eje 4 Sur Xola,Del Valle Norte,Benito Juarez,19.396917,-99.166264,Arroyo,Instalada
Ce,293,Mier Y Pesado,Eje 4 Sur Xola,Del Valle Norte,Benito Juarez,19.397373,-99.164598,Arroyo,Instalada
Ce,294,Nicolás San Juan,Eje 4 Sur Xola,Narvarte Poniente,Benito Juarez,19.396513,-99.160924,Arroyo,Instalada
Ce,295,Anaxágoras,Eje 4 Sur Xola,Narvarte Poniente,Benito Juarez,19.396328,-99.156871,Arroyo,Instalada
Ce,296,Diagonal San Antonio,Enrique Rébsamen,Narvarte Poniente,Benito Juarez,19.394283,-99.158756,Arroyo,Instalada
Ce,297,Diagonal San Antonio,Enrique Rébsamen,Narvarte Poniente,Benito Juarez,19.394412,-99.158907,Arroyo,Instalada
Ce,298,Romero De Terreros,Gabriel Mancera,Del Valle Norte,Benito Juarez,19.394092,-99.162139,Arroyo,Instalada
Ce,299,Romero De Terreros,Mier Y Pesado,Del Valle Norte,Benito Juarez,19.394601,-99.165054,Arroyo,Instalada
Ce,300,Providencia,Luz Saviñón,Del Valle Norte,Benito Juarez,19.3932287,-99.1684308,Arroyo,Instalada
Ce,301,Luz Saviñón,Magdalena,Del Valle Norte,Benito Juarez,19.393807,-99.171133,Arroyo,Instalada
Ce,302,Luz Saviñón,Magdalena,Del Valle Norte,Benito Juarez,19.393832,-99.171466,Arroyo,Instalada
Ce,303,Montecito,Av. Insurgentes,Napoles,Benito Juarez,19.394842,-99.173025,Arroyo,Instalada
Ce,304,Montecito,Dakota,Napoles,Benito Juarez,19.395043,-99.173821,Arroyo,Instalada
Ce,305,Avenida Del Parque,Arizona,Napoles,Benito Juarez,19.394693,-99.175531,Arroyo,Instalada
Ce,306,Dakota,Minnesota,Napoles,Benito Juarez,19.393699,-99.175664,Arroyo,Instalada
Ce,307,Minnesota,Dakota,Napoles,Benito Juarez,19.393701,-99.175834,Arroyo,Instalada
Ce,308,Nueva York,Arizona,Napoles,Benito Juarez,19.393643,-99.178156,Arroyo,Instalada
Ce,309,Pensilvania,Arizona,Napoles,Benito Juarez,19.393059,-99.179483,Arroyo,Instalada
Ce,310,Calle 1,Av. Patriotismo,San Pedro De Los Pinos,Benito Juarez,19.395322,-99.181667,Arroyo,Instalada
Ce,312,Avenida 2,Calle 7,San Pedro De Los Pinos,Benito Juarez,19.392634,-99.183737,Arroyo,Instalada
Ce,313,Pensilvania,Oklahoma,Napoles,Benito Juarez,19.391431,-99.178989,Arroyo,Instalada
Ce,314,Nueva York,Louisiana,Napoles,Benito Juarez,19.391647,-99.177331,Arroyo,Instalada
Ce,315,Alabama,Montana,Napoles,Benito Juarez,19.391472,-99.1736,Arroyo,Instalada
Ce,316,San Francisco,Concepción Beistegui,Del Valle Norte,Benito Juarez,19.391056,-99.1712,Arroyo,Instalada
Ce,317,Avenida Coyoacán,Torres Adalid,Del Valle Norte,Benito Juarez,19.391456,-99.166157,Arroyo,Instalada
Ce,318,Luz Saviñón,Amores,Del Valle Norte,Benito Juarez,19.392195,-99.163987,Arroyo,Instalada
Ce,319,Diagonal San Antonio,Luz Saviñón,Del Valle Norte,Benito Juarez,19.391991,-99.162684,Arroyo,Instalada
Ce,320,Enrique Rébsamen,Luz Saviñón,Narvarte Poniente,Benito Juarez,19.391323,-99.15936,Arroyo,Instalada
Ce,321,Torres Adalid,Anaxágoras,Narvarte Poniente,Benito Juarez,19.389477,-99.157513,Arroyo,Instalada
Ce,322,Heriberto Frías,Concepción Beistegui,Narvarte Poniente,Benito Juarez,19.388528,-99.160616,Arroyo,Instalada
Ce,323,Concepción Beistegui,Gabriel Mancera,Del Valle Norte,Benito Juarez,19.388927,-99.163127,Arroyo,Instalada
Ce,324,Amores,Avenida Eugenia,Del Valle Centro,Benito Juarez,19.387342,-99.165629,Arroyo,Instalada
Ce,325,Providencia,Avenida Del Valle,Del Valle Centro,Benito Juarez,19.388178,-99.169689,Arroyo,Instalada
Ce,326,Eugenia,Nebraska,Ampliacion Napoles,Benito Juarez,19.388978,-99.174811,Arroyo,Instalada
Ce,327,Georgia,Pensilvania,Napoles,Benito Juarez,19.38885,-99.17772,Arroyo,Instalada
Ce,328,Avenida 1,Calle 7,San Pedro De Los Pinos,Benito Juarez,19.392721,-99.184727,Arroyo,Instalada
Ce,329,Calle 13,Avenida 1,San Pedro De Los Pinos,Benito Juarez,19.390306,-99.184812,Arroyo,Instalada
Ce,330,Calle 15,Avenida Patriotismo,San Pedro De Los Pinos,Benito Juarez,19.389358,-99.182606,Arroyo,Instalada
Ce,331,Avenida 2,Calle 17,San Pedro De Los Pinos,Benito Juarez,19.388748,-99.183924,Arroyo,Instalada
Ce,332,Calle 27,Avenida 3,San Pedro De Los Pinos,Benito Juarez,19.385494,-99.183744,Arroyo,Instalada
Ce,333,Georgia,Carolina,Ampliacion Napoles,Benito Juarez,19.387624,-99.180978,Arroyo,Instalada
Ce,334,Nueva York,Av. Insurgentes,Ampliacion Napoles,Benito Juarez,19.3865269,-99.1751519,Arroyo,Instalada
Ce,335,Magdalena,Ameyalco,Del Valle Centro,Benito Juarez,19.386985,-99.173416,Arroyo,Instalada
Ce,336,San Borja,Cda. Dr. J. Bartolache,Del Valle Centro,Benito Juarez,19.385531,-99.169673,Arroyo,Instalada
Ce,337,San Borja,Martín Mendalde,Del Valle Centro,Benito Juarez,19.384849,-99.16704,Arroyo,Instalada
Ce,338,Nicolás San Juan,San Borja,Del Valle Centro,Benito Juarez,19.384242,-99.16326,Arroyo,Instalada
Ce,339,Enrique Rébsamen,Avenida Eugenia,Narvarte Poniente,Benito Juarez,19.386212,-99.160583,Arroyo,Instalada
Ce,340,Anaxágoras,Avenida Eugenia,Narvarte Poniente,Benito Juarez,19.3856299,-99.1582241,Arroyo,Instalada
Ce,341,San Borja,Avenida Cuauhtémoc,Narvarte Poniente,Benito Juarez,19.382889,-99.158352,Arroyo,Instalada
Ce,342,Pitágoras,Av. División Del Norte,Narvarte Poniente,Benito Juarez,19.382328,-99.159877,Arroyo,Instalada
Ce,343,Enrique Rébsamen,División Del Norte,Del Valle Centro,Benito Juarez,19.383904,-99.160875,Arroyo,Instalada
Ce,345,Patricio Sanz,Miraflores,Insurgentes San Borja,Benito Juarez,19.384447,-99.172039,Arroyo,Instalada
Ce,346,San Francisco,Santa Margarita,Insurgentes San Borja,Benito Juarez,19.385039,-99.174018,Arroyo,Instalada
Ce,347,Pensilvania,Maximino Avila Camacho,Ciudad De Los Deportes,Benito Juarez,19.384474,-99.176084,Arroyo,Instalada
Ce,348,Indiana,Avenida San Antonio,Ciudad De Los Deportes,Benito Juarez,19.38542,-99.17823,Arroyo,Instalada
Ce,349,Augusto Rodin,Avenida San Antonio,Ampliacion Napoles,Benito Juarez,19.385632,-99.180848,Arroyo,Instalada
Ce,351,Calle 27,Avenida Revolución,San Pedro De Los Pinos,Benito Juarez,19.385751,-99.186297,Arroyo,Instalada
Ce,352,Tintoreto,Giorgione,Nonoalco,Benito Juarez,19.384146,-99.185491,Arroyo,Instalada
Ce,353,Carolina,Holbein,Ciudad De Los Deportes,Benito Juarez,19.38213,-99.178814,Arroyo,Instalada
Ce,354,Boston,Av. Insurgentes,Noche Buena,Benito Juarez,19.381714,-99.176664,Arroyo,Instalada
Ce,355,California,Sacramento,Insurgentes San Borja,Benito Juarez,19.382042,-99.173336,Arroyo,Instalada
Ce,356,Matías Romero,Adolfo Prieto,Del Valle Centro,Benito Juarez,19.381287,-99.1702,Arroyo,Instalada
Ce,357,Matías Romero,Amores,Del Valle Centro,Benito Juarez,19.380617,-99.167066,Arroyo,Instalada
Ce,358,Nicolás San Juan,Matias Romero,Del Valle Centro,Benito Juarez,19.380087,-99.16427,Arroyo,Instalada
Ce,359,Matías Romero,Pestalozzi,Del Valle Centro,Benito Juarez,19.379331,-99.161163,Arroyo,Instalada
Ce,360,Heriberto Frías,Matias Romero,Del Valle Centro,Benito Juarez,19.379435,-99.162794,Arroyo,Instalada
Ce,361,Porfirio Díaz,Capulín,Del Valle Centro,Benito Juarez,19.380691,-99.175036,Arroyo,Instalada
Ce,362,Augusto Rodin,Alberto Balderas,Ciudad De Los Deportes,Benito Juarez,19.382109,-99.181056,Arroyo,Instalada
Ce,363,Holbein,Paulo Ucello,Ciudad De Los Deportes,Benito Juarez,19.380839,-99.183932,Arroyo,Instalada
Ce,365,Holbein,Avenida Revolución,Nonoalco,Benito Juarez,19.381123,-99.18667,Arroyo,Instalada
Ce,366,Porfirio Díaz,Augusto Rodin,Extremadura Insurgentes,Benito Juarez,19.378423,-99.181891,Arroyo,Instalada
Ce,367,Boston,Augusto Rodin,Noche Buena,Benito Juarez,19.379593,-99.181351,Arroyo,Instalada
Ce,369,Porfirio Díaz,Av. Insurgentes,Extremadura Insurgentes,Benito Juarez,19.379941,-99.177224,Arroyo,Instalada
Ce,370,Tlacoquemécatl,Av. Insurgentes,Tlacoquemecatl Del Valle,Benito Juarez,19.378827,-99.176944,Arroyo,Instalada
Ce,371,Tlacoquemécatl,Capulín,Tlacoquemecatl Del Valle,Benito Juarez,19.378546,-99.174297,Arroyo,Instalada
Ce,372,Dr. Roberto Gayol,Tlacoquemécatl,Del Valle Sur,Benito Juarez,19.377966,-99.170272,Arroyo,Instalada
Ce,373,Pilares,Gabriel Mancera,Del Valle Centro,Benito Juarez,19.377932,-99.166594,Arroyo,Instalada
Ce,374,Pitágoras,Pilares,Del Valle Centro,Benito Juarez,19.376918,-99.16108,Arroyo,Instalada
Ce,375,Tenayuca,División Del Norte,Letran Valle,Benito Juarez,19.376997,-99.158779,Arroyo,Instalada
Ce,377,Heriberto Frías,Miguel Laurent,Del Valle Sur,Benito Juarez,19.375397,-99.163778,Arroyo,Instalada
Ce,378,Miguel Laurent,Amores,Del Valle Sur,Benito Juarez,19.375865,-99.168219,Arroyo,Instalada
Ce,380,Moras,San Lorenzo,Tlacoquemecatl Del Valle,Benito Juarez,19.374756,-99.173539,Arroyo,Instalada
Ce,381,San Lorenzo,Manzanas,Tlacoquemecatl Del Valle,Benito Juarez,19.375495,-99.177819,Arroyo,Instalada
Ce,384,Empresa,Poussin,Insurgentes Mixcoac,Benito Juarez,19.375865,-99.185573,Arroyo,Instalada
Ce,385,Poussin,Empresa,Insurgentes Mixcoac,Benito Juarez,19.375806,-99.185527,Arroyo,Instalada
Ce,386,Poussin,Donatello,Insurgentes Mixcoac,Benito Juarez,19.374912,-99.185807,Arroyo,Instalada
Ce,387,Cadiz,Empresa,Insurgentes Mixcoac,Benito Juarez,19.374267,-99.180546,Arroyo,Instalada
Ce,389,Santander,Félix Cuevas,Insurgentes Mixcoac,Benito Juarez,19.373438,-99.179531,Arroyo,Instalada
Ce,390-391,Oso,Félix Cuevas,Actipan,Benito Juarez,19.373384,-99.178173,Arroyo,Instalada
Ce,392,Patricio Sanz,Félix Cuevas,Tlacoquemecatl Del Valle,Benito Juarez,19.373004,-99.174764,Arroyo,Instalada
Ce,393,Adolfo Prieto,Félix Cuevas,Tlacoquemecatl Del Valle,Benito Juarez,19.373307,-99.172471,Arroyo,Instalada
Ce,394,Dr. Roberto Gayol,Félix Cuevas,Del Valle Sur,Benito Juarez,19.372474,-99.171639,Arroyo,Instalada
Ce,395,San Lorenzo,Martín Mendalde,Del Valle Sur,Benito Juarez,19.373725,-99.169807,Arroyo,Instalada
Ce,396,Martin Mendalde,Felix Cuevas,Del Valle Sur,Benito Juarez,19.37165,-99.17015,Arroyo,Instalada
Ce,397,San Lorenzo,Gabriel Mancera,Del Valle Sur,Benito Juarez,19.373112,-99.166981,Arroyo,Instalada
Ce,398,Juan Sánchez Azcona,Félix Cuevas,Del Valle Sur,Benito Juarez,19.37104,-99.165653,Arroyo,Instalada
Ce,399,Heriberto Frías,San Lorenzo,Del Valle Sur,Benito Juarez,19.372469,-99.164538,Arroyo,Instalada
Ce,401,San Lorenzo,Avenida Cuauhtémoc,Santa Cruz Atoyac,Benito Juarez,19.372101,-99.161501,Arroyo,Instalada
Ce,402,Uxmal,Municipio Libre,Santa Cruz Atoyac,Benito Juarez,19.370957,-99.158886,Arroyo,Instalada
Ce,404,Miguel Laurent,Avenida División Del Norte,Portales Norte,Benito Juarez,19.373833,-99.157433,Arroyo,Instalada
Ce,405,División Del Norte,Municipio Libre,Portales Norte,Benito Juarez,19.3705556,-99.15666667,Banqueta,Instalada
Ce,407,Prolongación Xochicalco,General Emiliano Zapata,Residencial Emperadores,Benito Juarez,19.367209,-99.15872,Arroyo,Instalada
Ce,409,Azores,División Del Norte,Santa Cruz Atoyac,Benito Juarez,19.365125,-99.155477,Arroyo,Instalada
Ce,412,Parroquia,Avenida Universidad,Santa Cruz Atoyac,Benito Juarez,19.368107,-99.164376,Arroyo,Instalada
Ce,413,Parroquia,Avenida Coyoacán,Centro Urbano Presidente Aleman,Benito Juarez,19.369823,-99.172164,Arroyo,Instalada
Ce,414,Parroquia,José Ignacio Bartolache,Del Valle Sur,Benito Juarez,19.370221,-99.173862,Arroyo,Instalada
Ce,415,San Francisco,Parroquia,Actipan,Benito Juarez,19.37099,-99.176135,Arroyo,Instalada
Ce,416,Recreo,Parroquia,Del Valle Sur,Benito Juarez,19.371279,-99.177623,Arroyo,Instalada
Ce,417,Goya,Augusto Rodin,Insurgentes Mixcoac,Benito Juarez,19.373198,-99.184274,Arroyo,Instalada
Ce,419,Actipan,Cadiz,Insurgentes Mixcoac,Benito Juarez,19.370615,-99.181606,Arroyo,Instalada
Ce,420,María Luz Bringas,Oso,Actipan,Benito Juarez,19.369782,-99.179707,Arroyo,Instalada
Ce,421,María Luz Bringas,Oso,Actipan,Benito Juarez,19.36952,-99.179421,Arroyo,Instalada
Ce,422,Búfalo,José María Rico (Eje 8),Actipan,Benito Juarez,19.368403,-99.177472,Arroyo,Instalada
Ce,423,Moras,José María Rico (Eje 8),Acacias,Benito Juarez,19.367816,-99.175269,Arroyo,Instalada
Ce,424,Amores,José María Rico (Eje 8),Del Valle Sur,Benito Juarez,19.36715,-99.17055,Arroyo,Instalada
Ce,425,Nicolas San Juan,Avenida Universidad,Del Valle Sur,Benito Juarez,19.36704,-99.167387,Arroyo,Instalada
Ce,427,Avenida México,Coyoacán-Av. Popocatépetl (Eje 8),Santa Cruz Atoyac,Benito Juarez,19.364912,-99.162968,Arroyo,Instalada
Ce,428,Prolongación Uxmal,Av. Popocatépetl (Eje 8),General Pedro Maria Anaya,Benito Juarez,19.363404,-99.160395,Arroyo,Instalada
Ce,429,Pirineos,Av. Popocatépetl (Eje 8),Santa Cruz Atoyac,Benito Juarez,19.363049,-99.158436,Arroyo,Instalada
Ce,430,Tripoli,Av. Popocatépetl (Eje 8),Santa Cruz Atoyac,Benito Juarez,19.36205,-99.154976,Arroyo,Instalada
Ce,432,Carrillo Puerto,Avenida México-Coyoacan,General Pedro Maria Anaya,Benito Juarez,19.361245,-99.16239,Arroyo,Instalada
Ce,433,Jose María Olloqui,Lopéz Cotilla,Del Valle Sur,Benito Juarez,19.363548,-99.170766,Arroyo,Instalada
Ce,434,Jose María Olloqui,Amores,Del Valle Sur,Benito Juarez,19.363741,-99.171268,Arroyo,Instalada
Ce,436,Rodríguez Saro,Búfalo,Actipan,Benito Juarez,19.36623,-99.177904,Arroyo,Instalada
Ce,437,Moras,Comunal,Acacias,Benito Juarez,19.364916,-99.175985,Arroyo,Instalada
Ce,438,Adolfo Prieto,José María Olloqui,Acacias,Benito Juarez,19.36473,-99.174447,Arroyo,Instalada
Ce,439,Amores,Avenida Coyoacán,Acacias,Benito Juarez,19.362037,-99.172683,Arroyo,Instalada
Ce,440,Martin Mendalde,M. López Cotilla,Acacias,Benito Juarez,19.361699,-99.171387,Arroyo,Instalada
Ce,441,Puente Xoco,Real De Mayorazgo,Xoco,Benito Juarez,19.361213,-99.16752,Arroyo,Instalada
Ce,442,Real De Mayorazgo,Avenida México - Coyoacán,Xoco,Benito Juarez,19.359863,-99.165065,Arroyo,Instalada
Ce,443,Bruno Traven,Golondrinas,General Pedro Maria Anaya,Benito Juarez,19.359583,-99.162085,Arroyo,Instalada
Ce,444,General Manuel Rincón,Agustín Gutierrez,General Pedro Maria Anaya,Benito Juarez,19.359475,-99.159437,Arroyo,Instalada
Ce,445-446,Riff,Avenida Río Churubusco,General Pedro Maria Anaya,Benito Juarez,19.358934,-99.156064,Arroyo,Instalada
Ce,447,Agustín Melgar,Zamora,Condesa,Cuauhtemoc,19.418879,-99.176854,Arroyo,Instalada
Ce,448,Dr. Andrade,Arcos De Belén,Doctores,Cuauhtemoc,19.426611,-99.14447,Arroyo,Instalada
Ce,449,Acapulco,Puebla,Roma Norte,Cuauhtemoc,19.420281,-99.174392,Arroyo,Instalada
Ce,450,Ramos Arizpe,Av México Tenochtitlan,Tabacalera,Cuauhtemoc,19.438228,-99.152269,Arroyo,Instalada
Ce,451,Campos Elíseos,Goldsmith,Polanco,Miguel Hidalgo,19.428847,-99.201299,Arroyo,Instalada
Ce,452,Leibnitz,Av. Ejercito Nacional,Anzures,Miguel Hidalgo,19.435867,-99.179856,Arroyo,Instalada
Ce,453,Pedregal,Teapa,Lomas De Chapultepec Seccion Iv/Lomas Virreyes,Miguel Hidalgo,19.424842,-99.203739,Arroyo,Instalada
Ce,454,Montes Urales,Monte Pelvoux,Lomas De Chapultepec Seccion Iv/Lomas Virreyes,Miguel Hidalgo,19.425905,-99.204236,Arroyo,Instalada
Ce,455,Pedregal,Ferrocarril De Cuernavaca,Molino Del Rey,Miguel Hidalgo,19.426308,-99.2033,Arroyo,Instalada
Ce,456,Alpes,Montes Escandinavos,Lomas De Chapultepec Seccion V,Miguel Hidalgo,19.427517,-99.208412,Arroyo,Instalada
Ce,457,Av. Prado Norte,Explanada,Lomas De Chapultepec Seccion V,Miguel Hidalgo,19.42703,-99.212845,Arroyo,Instalada
Ce,458,Montes Urales,Volcán,Lomas De Chapultepec Seccion Iii,Miguel Hidalgo,19.428679,-99.206605,Arroyo,Instalada
Ce,459,Volcán,Montes Urales,Lomas De Chapultepec Seccion Iii,Miguel Hidalgo,19.429243,-99.207267,Arroyo,Instalada
Ce,460,Juan Vázquez De Mella,Homero,Polanco Seccion I/ Los Morales,Miguel Hidalgo,19.437014,-99.207932,Arroyo,Instalada
Ce,461,Presa Don Martín,Boulevard Miguel De Cervantes Saavedra,Irrigacion,Miguel Hidalgo,19.440106,-99.210031,Arroyo,Instalada
Ce,462,Presa Falcón,Presa Danxhó,Irrigacion,Miguel Hidalgo,19.442338,-99.205198,Arroyo,Instalada
Ce,463,Lago Andrómaco,Lago Zurich,Ampliacion Granada,Miguel Hidalgo,19.443228,-99.202492,Arroyo,Instalada
Ce,464,Mateo Alemán,Prolongación Moliere,Ampliacion Granada,Miguel Hidalgo,19.442421,-99.199838,Arroyo,Instalada
Ce,465,Lago Ginebra,Lago Wetter,Cuauhtemoc Pensil,Miguel Hidalgo,19.445039,-99.194078,Arroyo,Instalada
Ce,466,Lago Onega,Lago Ladoga,Modelo Pensil,Miguel Hidalgo,19.44269,-99.19083,Arroyo,Instalada
Ce,467,Lago Mayor,Lago Alberto,Granada,Miguel Hidalgo,19.440399,-99.186784,Arroyo,Instalada
Ce,468,Lago Xochimilco,Av. Ejército Nacional,Anahuac I Seccion,Miguel Hidalgo,19.43726,-99.179624,Arroyo,Instalada
Ce,469,Bahía De La Concepción,Bahía De Todos Los Santos,Veronica Anzures,Miguel Hidalgo,19.434183,-99.173089,Arroyo,Instalada
Ce,470,Bahía De Las Palmas,Bahía De Todos Los Santos,Veronica Anzures,Miguel Hidalgo,19.435039,-99.173879,Arroyo,Instalada
Ce,471,Bahía De Chachalacas,Bahía De Santa Bárbara,Veronica Anzures,Miguel Hidalgo,19.436287,-99.174888,Arroyo,Instalada
Ce,472,Bahía De Santa Bárbara,Bahía De Ballenas,Veronica Anzures,Miguel Hidalgo,19.437667,-99.17711,Arroyo,Instalada
Ce,473,Bahía Del Espíritu Santo,Bahía De Banderas,Veronica Anzures,Miguel Hidalgo,19.438143,-99.17519,Arroyo,Instalada
Ce,474,Bahía De San Hipólito,Bahía Del Espíritu Santo,Anahuac I Seccion,Miguel Hidalgo,19.438984,-99.177549,Arroyo,Instalada
Ce,475,Lago Muritz,Lago Alberto,Anahuac I Seccion,Miguel Hidalgo,19.439249,-99.181065,Arroyo,Instalada
Ce,476,Lago Como,Laguna De Mayrán,Granada,Miguel Hidalgo,19.442127,-99.184433,Arroyo,Instalada
Ce,477,Lago Iseo,Laguna De Mayrán,Anahuac I Seccion,Miguel Hidalgo,19.440905,-99.181743,Arroyo,Instalada
Ce,478,Laguna De Mayrán,Lago Chalco,Anahuac I Seccion,Miguel Hidalgo,19.440818,-99.176961,Arroyo,Instalada
Ce,479,Lago Muritz,Av.Marina Nacional,Mariano Escobedo,Miguel Hidalgo,19.444433,-99.179664,Arroyo,Instalada
Ce,480,Lago Iseo,Av. Marina Nacional,Mariano Escobedo,Miguel Hidalgo,19.446073,-99.181654,Arroyo,Instalada
Ce,481,Lago Garda,Mariano Escobedo,Popotla,Miguel Hidalgo,19.449367,-99.182461,Arroyo,Instalada
Ce,482,Lago Xochimilco,Laguna De San Cristóbal,Anahuac,Miguel Hidalgo,19.444826,-99.178393,Arroyo,Instalada
Ce,483,Colegio Salesiano,Marina Nacional,Anahuac,Miguel Hidalgo,19.443092,-99.177612,Arroyo,Instalada
Ce,484,Laguna Mayran,Lago Cuitzeo,Anahuac,Miguel Hidalgo,19.44046,-99.174564,Arroyo,Instalada
Ce,485,Lago De Pátzcuaro,Marina Nacional,Anahuac,Miguel Hidalgo,19.438506,-99.172696,Arroyo,Instalada
Ce,486,Izcoatl,Circuito Interior Melchor Ocampo,Tlaxpana,Miguel Hidalgo,19.437334,-99.169573,Arroyo,Instalada
Ce,487,Nopaltzin,Quetzalcoatl,Tlaxpana,Miguel Hidalgo,19.439741,-99.168901,Arroyo,Instalada
Ce,488,Huetzin,Cuitláhuac,Anahuac,Miguel Hidalgo,19.44484,-99.17049,Arroyo,Instalada
Ce,489,Lago Chalco,Laguna Tamiahua,Anahuac,Miguel Hidalgo,19.446449,-99.176028,Arroyo,Instalada
Ce,490,Lago Garda,Ffcc,Anahuac,Miguel Hidalgo,19.448935,-99.179295,Arroyo,Instalada
Ce,491,Colegio Salesiano,Lago Catemaco,Anahuac,Miguel Hidalgo,19.449405,-99.176635,Arroyo,Instalada
Ce,492,Lago Cuitzeo,Felipe Carrillo Puerto,Anahuac,Miguel Hidalgo,19.449125,-99.173442,Arroyo,Instalada
Ce,493,Lago Tláhuac,Laguna De Guzmán,Anahuac,Miguel Hidalgo,19.445916,-99.170401,Arroyo,Instalada
Ce,494,Tláloc,Calzada México Tacuba,Tlaxpana,Miguel Hidalgo,19.444053,-99.167429,Arroyo,Instalada
Ce,495,Amado Nervo,De Los Maestros,Agricultura,Miguel Hidalgo,19.445528,-99.166934,Arroyo,Instalada
Ce,496,Maestro Rural,José Parres,Un Hogar Para Nosotros,Miguel Hidalgo,19.449039,-99.170246,Arroyo,Instalada
Ce,497,Manuel Carpio,Plan De Ayala,Santo Tomas,Miguel Hidalgo,19.452688,-99.170157,Arroyo,Instalada
Ce,498,De Los Maestros,Plan De Agua Prieta,Plutarco Elias Calles,Miguel Hidalgo,19.453197,-99.16645,Arroyo,Instalada
Ce,499,De Los Maestros,Calzada De Los Gallos,Agricultura,Miguel Hidalgo,19.455986,-99.165966,Arroyo,Instalada
Ce,500,Plan De Guadalupe /Ferrocarril De Cuernavaca,Juan Sarabia,Plutarco Elias Calles,Miguel Hidalgo,19.456546,-99.169344,Arroyo,Instalada
Ce,501,Plan De Guadalupe /Ferrocarril De Cuernavaca,Eligio Ancona,Nextitla,Miguel Hidalgo,19.454257,-99.172593,Arroyo,Instalada
Ce,502,Mar Mediterráneo,Callejón De La Zanja,Popotla,Miguel Hidalgo,19.453432,-99.174636,Arroyo,Instalada
Ce,503,Nextitla,Mar Egeo,Nextitla,Miguel Hidalgo,19.455531,-99.175222,Arroyo,Instalada
Ce,504,Mar Blanco,Calzada México Tacuba,Popotla,Miguel Hidalgo,19.455343,-99.179056,Arroyo,Instalada
Ce,505,Mar Negro,Mariano Escobedo,Popotla,Miguel Hidalgo,19.4553348,-99.1814278,Arroyo,Instalada
Ce,506,Mar Mediterráneo,Mar Arábigo,Tacuba,Miguel Hidalgo,19.459553,-99.185111,Arroyo,Instalada
Ce,507,Mar Mediterráneo,Azcapotzalco,Tacuba,Miguel Hidalgo,19.460292,-99.188303,Arroyo,Instalada
Ce,508,Libertad,C. José Sánchez Trujillo,San Alvaro,Azcapotzalco,19.462421,-99.183614,Banqueta,Instalada
Ce,509,Juárez,Venecia,San Alvaro,Azcapotzalco,19.45968,-99.1818,Arroyo,Instalada
Ce,510,Egipto,Calle Norte 79 A,Claveria,Azcapotzalco,19.462152,-99.178291,Arroyo,Instalada
Ce,511,Palestina,Egipto,Claveria,Azcapotzalco,19.463865,-99.18229,Arroyo,Instalada
Ce,512,Clavería,Floresta,Claveria,Azcapotzalco,19.465636,-99.186342,Arroyo,Instalada
Ce,513,Av. Aquiles Serdán,Av. Invierno,Angel Zimbron,Azcapotzalco,19.46961,-99.18983,Arroyo,Instalada
Ce,514,José F. Gutiérrez,Invierno,Angel Zimbron,Azcapotzalco,19.470485,-99.188509,Arroyo,Instalada
Ce,515,Tebas,C. Salónica,Del Recreo,Azcapotzalco,19.46969,-99.18405,Arroyo,Instalada
Ce,516,Texcoco,Nilo,Claveria,Azcapotzalco,19.46669,-99.180302,Arroyo,Instalada
Ce,517,Ignacio Allende,Clavería,Claveria,Azcapotzalco,19.465377,-99.179197,Arroyo,Instalada
Ce,518,Heliópolis,Norte 79A,Claveria,Azcapotzalco,19.468315,-99.177386,Arroyo,Instalada
Ce,519,Poniente 58,Cuitláhuac,Obrero Popular,Azcapotzalco,19.464891,-99.177242,Arroyo,Instalada
Ce,520,Salónica,Eje 3 Norte Camarones,Sector Naval,Azcapotzalco,19.47072,-99.17835,Camell<F3>N,Instalada
Ce,521,Yuca,Clavelinas,Nueva Santa Maria,Azcapotzalco,19.466423,-99.173061,Arroyo,Instalada
Ce,522,Prol. Nueces,Av. Cuitlahuac,Unidad Habitacional Cuitl<E1>Huac,Azcapotzalco,19.4705145,-99.1700615,Banqueta,Instalada
Ce,523,Toronjil,Av. Cuitlahuac,Victoria De Las Democracias,Azcapotzalco,19.47111,-99.1653,Arroyo,Instalada
Ce,524,Malvón,Juan Sarabia,Hogar Y Seguridad,Azcapotzalco,19.468246,-99.168165,Arroyo,Instalada
Ce,525,Boldo,Tila,Hogar Y Seguridad,Azcapotzalco,19.468293,-99.16557,Arroyo,Instalada
Ce,526,Toronjil,Mejorana,Ignacio Allende,Azcapotzalco,19.466937,-99.162948,Arroyo,Instalada
Ce,527,Boldo,Alcanfores,Nueva Santa Maria,Azcapotzalco,19.464826,-99.163177,Arroyo,Instalada
Ce,528,Tlatilco,Av. Jardín,Tlatilco,Azcapotzalco,19.464966,-99.160413,Arroyo,Instalada
Ce,529,Av Plan De San Luis,Calle Clavelinas,Nueva Santa Maria,Azcapotzalco,19.465552,-99.166851,Arroyo,Instalada
Ce,530,Membrillo,Cda. Nueces,Nueva Santa Maria,Azcapotzalco,19.464564,-99.169496,Arroyo,Instalada
Ce,531,Norte 67,Poniente 44,San Salvador Xochimanca,Azcapotzalco,19.460356,-99.174283,Arroyo,Instalada
Ce,532,Av. Biólogo Maximino Martínez,Camarones,San Salvador Xochimanca,Azcapotzalco,19.4608519,-99.1711992,Arroyo,Instalada
Ce,533,Av Plan De San Luis,Eulalia Gúzman,Nueva Santa Maria,Azcapotzalco,19.46047,-99.16727,Arroyo,Instalada
Ce,534,Tlatilco,Jazmín,Tlatilco,Azcapotzalco,19.45883,-99.164513,Arroyo,Instalada
Ce,535,Av. Jardín,Orquídea,Tlatilco,Azcapotzalco,19.46173,-99.16225,Arroyo,Instalada
Ce,536,Fresno,Eulalia Guzmán (Eje 2 Norte),Atlampa,Cuauhtemoc,19.458881,-99.159215,Arroyo,Instalada
Ce,537,Fresno,Clavel,Atlampa,Cuauhtemoc,19.457594,-99.159455,Arroyo,Instalada
Ce,538,Nogal,Eligio Ancona,Santa Maria La Ribera,Cuauhtemoc,19.453663,-99.163756,Arroyo,Instalada
Ce,539,Naranjo,Av. Ricardo Flores Magon,Atlampa,Cuauhtemoc,19.455189,-99.157644,Arroyo,Instalada
Ce,540,Eucalipto,Ricardo Flores Magón,Santa Maria La Ribera,Cuauhtemoc,19.453975,-99.152525,Arroyo,Instalada
Ce,541,Eligio Ancona,Naranjo,Santa Maria La Ribera,Cuauhtemoc,19.45272,-99.158014,Arroyo,Instalada
Ce,542,Dr. Enrique González Martínez,Eligio Ancona,Santa Maria La Ribera,Cuauhtemoc,19.451838,-99.154584,Arroyo,Instalada
Ce,543,Jaime Torres Bodet,Manuel Carpio,Santa Maria La Ribera,Cuauhtemoc,19.450506,-99.157375,Arroyo,Instalada
Ce,544,Salvador Díaz Mirón,Nogal,Santa Maria La Ribera,Cuauhtemoc,19.449773,-99.163136,Arroyo,Instalada
Ce,545,Sabino,Salvador Díaz Mirón,Santa Maria La Ribera,Cuauhtemoc,19.449104,-99.159931,Arroyo,Instalada
Ce,546,Salvador Díaz Mirón,Santa María La Ribera,Santa Maria La Ribera,Cuauhtemoc,19.448764,-99.156817,Arroyo,Instalada
Ce,547,Dr. Enrique González Martínez,Salvador Díaz Mirón,Santa Maria La Ribera,Cuauhtemoc,19.44763,-99.1554,Arroyo,Instalada
Ce,548,Dr. Mariano Azuela,Jose Antonio Alzate,Santa Maria La Ribera,Cuauhtemoc,19.44701,-99.154318,Arroyo,Instalada
Ce,549,Sor Juana Ines De La Cruz,Dr. Atl,Santa Maria La Ribera,Cuauhtemoc,19.4450444,-99.15713333,Arroyo,Instalada
Ce,550,Sor Juana Ines De La Cruz,Fresno,Santa Maria La Ribera,Cuauhtemoc,19.4459583,-99.16137222,Arroyo,Instalada
Ce,551,Nogal,Ribera De San Cosme,Santa Maria La Ribera,Cuauhtemoc,19.4435806,-99.16488333,Arroyo,Instalada
Ce,552,Fresno,Ribera De San Cosme,Santa Maria La Ribera,Cuauhtemoc,19.44310811,-99.16245373,Arroyo,Instalada
Ce,553,Jaime Torres Bodet,Ribera De San Cosme,Santa Maria La Ribera,Cuauhtemoc,19.442,-99.15933333,Arroyo,Instalada
Ce,554,Heroes Ferrocarrileros,Mariano Azuela,Santa Maria La Ribera,Cuauhtemoc,19.44174727,-99.15563897,Arroyo,Instalada
Ce,555,Ribera De San Cosme,Insurgentes Centro,Santa Maria La Ribera,Cuauhtemoc,19.44021597,-99.15616778,Banqueta,Instalada
Ce,556,Plaza Tlaxcoaque,Diagonal 20 De Noviembre,Centro,Cuauhtemoc,19.423056,-99.134941,Arroyo,Instalada
Ce,557,5 De Febrero,Fernando De Alva Ixtlilxochitl,Obrera,Cuauhtemoc,19.41981,-99.135941,Arroyo,Instalada
Ce,558,Chimalpopoca,Simón Bolívar,Centro,Cuauhtemoc,19.4223,-99.139872,Arroyo,Instalada
Ce,559,Fernando De Alva Ixtlilxochitl,Diagonal 20 De Noviembre,Obrera,Cuauhtemoc,19.420029,-99.140999,Arroyo,Instalada
Ce,560,Doctor Liceaga,Eje Central,Doctores,Cuauhtemoc,19.421599,-99.143408,Arroyo,Instalada
Ce,561,Dr. Jiménez,Dr. Lavista,Doctores,Cuauhtemoc,19.423673,-99.147957,Arroyo,Instalada
Ce,562,Claudio Bernard,José María Vertiz,Doctores,Cuauhtemoc,19.42037,-99.146818,Arroyo,Instalada
Ce,563,Doctor Velasco,Niños Héroes,Doctores,Cuauhtemoc,19.419444,-99.149776,Arroyo,Instalada
Ce,564,Doctor Carmona Y Valle,Doctor Velasco,Doctores,Cuauhtemoc,19.419509,-99.153227,Arroyo,Instalada
Ce,565,Dr. Martinez Del Rio,Dr. Lucio,Doctores,Cuauhtemoc,19.417668,-99.152775,Arroyo,Instalada
Ce,566,Dr. Jiménez,Dr. García Diego,Doctores,Cuauhtemoc,19.41638,-99.1495,Arroyo,Instalada
Ce,567,Doctor Martínez Del Río,Doctor José Terrés,Doctores,Cuauhtemoc,19.417133,-99.145649,Arroyo,Instalada
Ce,568,Doctor Barragán,Doctor Erazo,Doctores,Cuauhtemoc,19.418013,-99.144598,Arroyo,Instalada
Ce,569,Gutiérrez Nájera,Bolívar,Obrera,Cuauhtemoc,19.415713,-99.141227,Arroyo,Instalada
Ce,570,Alfredo Chavero,Simón Bolívar,Obrera,Cuauhtemoc,19.417595,-99.140972,Arroyo,Instalada
Ce,571,Manuel M. Flores,Calzada San Antonio Abad,Obrera,Cuauhtemoc,19.416221,-99.134909,Arroyo,Instalada
Ce,572,Manuel J. Othón,José T. Cuellar,Obrera,Cuauhtemoc,19.414595,-99.135886,Arroyo,Instalada
Ce,573,Fernando Ramírez,Isabel La Católica,Obrera,Cuauhtemoc,19.412853,-99.138723,Arroyo,Instalada
Ce,574,José María Roa Bárcenas,Simón Bolívar,Obrera,Cuauhtemoc,19.41175,-99.14096,Arroyo,Instalada
Ce,575,Fernando Ramírez,Eje Central,Obrera,Cuauhtemoc,19.413235,-99.143476,Arroyo,Instalada
Ce,576,Doctor Arce,Jose Maria Vertiz,Doctores,Cuauhtemoc,19.413469,-99.14825,Arroyo,Instalada
Ce,577,Doctor Márquez,Doctor Jiménez,Doctores,Cuauhtemoc,19.411609,-99.15314,Arroyo,Instalada
Ce,578,Doctor Jiménez,Doctor Federico Gómez Santos,Doctores,Cuauhtemoc,19.408649,-99.151126,Arroyo,Instalada
Ce,579,Doctor Márquez,Privada Doctor Duran,Doctores,Cuauhtemoc,19.410884,-99.144975,Arroyo,Instalada
Ce,580,Antonio Solís,Bolívar,Obrera,Cuauhtemoc,19.409817,-99.141643,Arroyo,Instalada
Ce,581,José María Roa Bárcenas,San Antonio Abad,Obrera,Cuauhtemoc,19.411323,-99.135626,Arroyo,Instalada
Ce,582,Antonio Solis,San Antonio Abad,Obrera,Cuauhtemoc,19.409473,-99.135939,Arroyo,Instalada
Ce,583,Ángel Del Campo,5 De Febrero,Obrera,Cuauhtemoc,19.408087,-99.137763,Arroyo,Instalada
Ce,584,Enrique Granados,José Peón Contreras (Eje 3),Algarin,Cuauhtemoc,19.40697,-99.14383,Arroyo,Instalada
Ce,585,José Toribio Medina,Manuel Navarrete,Algarin,Cuauhtemoc,19.405358,-99.14316,Arroyo,Instalada
Ce,586,Bernardo Couto,Juan E. Hernández Y Davalos,Algarin,Cuauhtemoc,19.406458,-99.138735,Arroyo,Instalada
Ce,587,Jose Toribio Medina,Marcelino Davalos,Algarin,Cuauhtemoc,19.404654,-99.136966,Arroyo,Instalada
Ce,588,Av. Fernando,La Coruña,Alamos,Benito Juarez,19.401239,-99.137404,Arroyo,Instalada
Ce,589,Cádiz,Calzada De Tlalpan,Alamos,Benito Juarez,19.39859,-99.137732,Arroyo,Instalada
Ce,590,Fernando,Isabel La Católica,Alamos,Benito Juarez,19.399172,-99.140625,Arroyo,Instalada
Ce,591,Simón Bolívar,La Coruña,Alamos,Benito Juarez,19.402088,-99.142976,Arroyo,Instalada
Ce,592,Cádiz,Eje Central Lázaro Cárdenas,Alamos,Benito Juarez,19.399664,-99.145136,Arroyo,Instalada
Ce,593,Zempoala,Diagonal De San Antonio,Narvarte,Benito Juarez,19.400943,-99.147989,Arroyo,Instalada
Ce,594,Xochicalco,Obrero Mundial,Piedad Narvarte,Benito Juarez,19.402277,-99.153294,Arroyo,Instalada
Ce,595,Yacatas,Diagonal De San Antonio,Narvarte,Benito Juarez,19.396983,-99.155114,Arroyo,Instalada
Ce,596,Cumbres De Maltrata,Uxmal,Narvarte,Benito Juarez,19.395205,-99.155049,Arroyo,Instalada
Ce,597,Diagonal San Antonio,Icacos,Narvarte,Benito Juarez,19.398858,-99.151211,Arroyo,Instalada
Ce,598,Palenque,Cumbres De Maltrata,Narvarte,Benito Juarez,19.3931,-99.152012,Arroyo,Instalada
Ce,599,La Morena,Zempoala,Narvarte,Benito Juarez,19.398143,-99.148333,Arroyo,Instalada
Ce,600,Cumbres De Acultzingo,Av. Universidad,Narvarte,Benito Juarez,19.392463,-99.150544,Arroyo,Instalada
Ce,601,Navarra,Fernando,Alamos,Benito Juarez,19.395812,-99.145347,Arroyo,Instalada
Ce,602,Correspondencia,Eje Central Lázaro Cárdenas,Postal,Benito Juarez,19.392523,-99.146194,Arroyo,Instalada
Ce,603,Castilla,Eje 4 Sur Xola,Alamos,Benito Juarez,19.394422,-99.143291,Arroyo,Instalada
Ce,604,Andalucía,Carteros,Postal,Benito Juarez,19.390945,-99.142972,Arroyo,Instalada
Ce,605,5 De Febrero,Alfonso Xiii,Alamos,Benito Juarez,19.39516,-99.139532,Arroyo,Instalada
Ce,606,Alfonso Xiii,Aragón,Alamos,Benito Juarez,19.39489,-99.1389,Arroyo,Instalada
Ce,607,Unión Postal,Calzada De Tlalpan,Postal,Benito Juarez,19.390924,-99.13895,Arroyo,Instalada
Ce,608,Ahorro Postal,Francisco Márquez,Josefa Ortiz De Dominguez,Benito Juarez,19.388373,-99.139746,Arroyo,Instalada
Ce,609,Romero,Calzada De Tlalpan,Americas Unidas,Benito Juarez,19.384623,-99.139817,Arroyo,Instalada
Ce,610,Av. Víctor Hugo,Av. Niños Héroes De Chapultepec,Ni<F1>Os Heroes De Chapultepec,Benito Juarez,19.387174,-99.143708,Arroyo,Instalada
Ce,611,Miguel Negrete,Niños Héroes De Chapultepec,Ni<F1>Os Heroes De Chapultepec,Benito Juarez,19.387506,-99.146338,Arroyo,Instalada
Ce,612,Torres Adalid,Cumbres De Maltrata,Narvarte,Benito Juarez,19.388148,-99.148446,Arroyo,Instalada
Ce,613,Luz Saviñón,Doctor José María Vertiz,Narvarte,Benito Juarez,19.390019,-99.15111,Arroyo,Instalada
Ce,614,Torres Adalid,Av. Cuauhtémoc,Narvarte Poniente,Benito Juarez,19.3893,-99.15633,Arroyo,Instalada
Ce,615,Tajín,Universidad,Narvarte,Benito Juarez,19.38748,-99.153876,Arroyo,Instalada
Ce,616,Petén,Eje 5 Sur,Vertiz Narvarte,Benito Juarez,19.38483,-99.15363,Arroyo,Instalada
Ce,617,Mitla,Eje 5 Sur,Narvarte,Benito Juarez,19.384589,-99.150517,Arroyo,Instalada
Ce,618,Bartolomé R. Salido,Edzna,Vertiz Narvarte,Benito Juarez,19.381824,-99.148086,Arroyo,Instalada
Ce,619,Kiff,Rafael Solana Verduguillo,Independencia,Benito Juarez,19.381277,-99.145804,Arroyo,Instalada
Ce,620,Fernando Montes De Oca,Priv. Lago,Americas Unidas,Benito Juarez,19.381804,-99.142997,Arroyo,Instalada
Ce,621,Lago Poniente,Calzada De Tlalpan,Americas Unidas,Benito Juarez,19.379458,-99.140943,Arroyo,Instalada
Ce,622,Fernando Montes De Oca,Eje 6 Sur,San Simon Ticumac,Benito Juarez,19.378362,-99.144007,Arroyo,Instalada
Ce,623,Fernando Montes De Oca,Antonio Rodríguez,San Simon Ticumac,Benito Juarez,19.375518,-99.144118,Arroyo,Instalada
Ce,624,Luis Spota,Eje Central Lázaro Cárdenas,San Simon Ticumac,Benito Juarez,19.377516,-99.148116,Arroyo,Instalada
Ce,625,Zempoala,Angel Urraza,Independencia,Benito Juarez,19.379521,-99.150052,Arroyo,Instalada
Ce,626,San Borja,Petén,Vertiz Narvarte,Benito Juarez,19.382115,-99.153988,Arroyo,Instalada
Ce,627,San Borja,Av. Universidad,Vertiz Narvarte,Benito Juarez,19.382606,-99.156592,Arroyo,Instalada
Ce,628,Tenayuca,Chichen Itzá,Letran Valle,Benito Juarez,19.378281,-99.15841,Arroyo,Instalada
Ce,629,Tajín,Chichen Itzá,Letran Valle,Benito Juarez,19.376367,-99.155872,Arroyo,Instalada
Ce,630,Cuicuilco,Motozintla,Letran Valle,Benito Juarez,19.375677,-99.152953,Arroyo,Instalada
Ce,631,Miguel Laurent,Eje Central,Portales,Benito Juarez,19.372907,-99.149207,Arroyo,Instalada
Ce,632,Victor Hugo,Sevilla,Portales,Benito Juarez,19.370891,-99.151577,Arroyo,Instalada
Ce,633,Canarias,Calzada Santa Cruz,San Simon Ticumac,Benito Juarez,19.372175,-99.146356,Arroyo,Instalada
Ce,634,Rumania,Víctor Hugo,Portales,Benito Juarez,19.370133,-99.145866,Arroyo,Instalada
Ce,635,Calzada Santa Cruz,Antillas,Portales,Benito Juarez,19.370586,-99.142294,Arroyo,Instalada
Ce,636,Ajusco,Antillas,Portales,Benito Juarez,19.367131,-99.142838,Arroyo,Instalada
Ce,637,Ajusco,Emperadores,Portales,Benito Juarez,19.36576,-99.144413,Arroyo,Instalada
Ce,638,Av Pirineos,C. Antillas,Portales,Benito Juarez,19.361743,-99.143867,Arroyo,Instalada
Ce,639,Bulgaria,Rumania,Portales,Benito Juarez,19.364528,-99.146988,Arroyo,Instalada
Ce,640,Odesa,Bulgaria,Portales,Benito Juarez,19.367465,-99.148786,Arroyo,Instalada
Ce,641,Sevilla,Av. Presidentes,Portales,Benito Juarez,19.368109,-99.151863,Arroyo,Instalada
Ce,642,Repúblicas,Monrovia,Portales,Benito Juarez,19.364001,-99.150422,Arroyo,Instalada
Ce,643,Filipinas,Av. Pirineos,Portales,Benito Juarez,19.362323,-99.148805,Arroyo,Instalada
Ce,644,Monrovia,Popocatépetl (Eje 8 Sur),Portales,Benito Juarez,19.361371,-99.150619,Arroyo,Instalada
Ce,645,Saratoga,Ajusco,Portales,Benito Juarez,19.358634,-99.152732,Arroyo,Instalada
Ce,646,Rumania,Av. Popocatépetl,Portales,Benito Juarez,19.36053,-99.1475,Arroyo,Instalada
Ce,647,Antillas,Nevado,Portales,Benito Juarez,19.359093,-99.145247,Arroyo,Instalada
Ce,648,Rafael Olivia,20 De Agosto,San Diego Churubusco,Coyoacan,19.354411,-99.147795,Arroyo,Instalada
Ce,649,Héroes Del 47,Calzada De Tlalpan,San Mateo,Coyoacan,19.35072,-99.146786,Arroyo,Instalada
Ce,650,Xicoténcatl,Prolongación Xicoténcatl,San Diego Churubusco,Coyoacan,19.355945,-99.149258,Arroyo,Instalada
Ce,651,Héroes Del 47,División Del Norte,San Mateo,Coyoacan,19.351578,-99.150941,Arroyo,Instalada
Ce,652,Xicoténcatl,División Del Norte,Del Carmen,Coyoacan,19.354876,-99.153611,Arroyo,Instalada
Ce,653,Londres,División Del Norte,Del Carmen,Coyoacan,19.35674,-99.15309,Arroyo,Instalada
Ce,654,Londres,San Pedro,Del Carmen,Coyoacan,19.355942,-99.157461,Arroyo,Instalada
Ce,655,Gomez Farias,Viena,Del Carmen,Coyoacan,19.357076,-99.160189,Arroyo,Instalada
Ce,656,Ignacio Allende,Paris,Del Carmen,Coyoacan,19.3543111,-99.16243611,Arroyo,Instalada
Ce,657,Madrid,Centenario,Del Carmen,Coyoacan,19.3574361,-99.16379444,Arroyo,Instalada
Ce,658,Vicente Guerrero,Berlín,Del Carmen,Coyoacan,19.355339,-99.165613,Arroyo,Instalada
Ce,659,Madrid,Avenida Mexico,Del Carmen,Coyoacan,19.3564861,-99.16945556,Arroyo,Instalada
Ce,660,Josefa Ortiz De Dominguez,Circuito Interior,Del Carmen,Coyoacan,19.3580028,-99.17010556,Arroyo,Instalada
Ce,661,Madrid,Universidad,Del Carmen,Coyoacan,19.35675,-99.171769,Arroyo,Instalada
Ce,662,Manzano,Circuito Interior,Axotla,Alvaro Obregon,19.362041,-99.175158,Arroyo,Instalada
Ce,663,Hortensia,Avenida Universidad,Axotla,Alvaro Obregon,19.3548028,-99.17541944,Arroyo,Instalada
Ce,664,Hortensia,2Da Cerrada De Minerva,Florida,Alvaro Obregon,19.355544,-99.178992,Arroyo,Instalada
Ce,665,Moras,Mango,Florida,Alvaro Obregon,19.3589028,-99.17799722,Arroyo,Instalada
Ce,666,Moras,Naranjo,Florida,Alvaro Obregon,19.3614885,-99.17743249,Arroyo,Instalada
Ce,667,Hermes,Mosqueta,Credito Constructor,Benito Juarez,19.3639778,-99.18091389,Arroyo,Instalada
Ce,668,Plateros,Capuchinas,San Jose Insurgentes,Benito Juarez,19.367522,-99.181727,Banqueta,Instalada
Ce,669,Los Juarez,Sagredo,San Jose Insurgentes,Benito Juarez,19.37075451,-99.18743854,Arroyo,Instalada
Ce,670,Felix Parra,Flamencos,San Jose Insurgentes,Benito Juarez,19.3676,-99.18499167,Arroyo,Instalada
Ce,671,Plateros,Jose María Velasco,San Jose Insurgentes,Benito Juarez,19.364577,-99.186288,Arroyo,Instalada
Ce,672,José María Velasco,Damas,San Jose Insurgentes,Benito Juarez,19.36295,-99.183161,Arroyo,Instalada
Ce,673,Miguel Noreña,José María Ibarrarán,San Jose Insurgentes,Benito Juarez,19.363153,-99.186963,Arroyo,Instalada
Ce,674,Silvestre Revueltas,Macedonio Alcalá,Guadalupe Inn,Alvaro Obregon,19.361845,-99.186887,Banqueta,Instalada
Ce,675,Manuel Castro Padilla,Av. Revolución,Guadalupe Inn,Alvaro Obregon,19.3625527,-99.1889526,Arroyo,Instalada
Ce,676,Ricardo Palmerín,Abundio Martínez,Guadalupe Inn,Alvaro Obregon,19.358262,-99.18809,Arroyo,Instalada
Ce,677,Juan Pablo Ii,Av. De Los Insurgentes Sur,Guadalupe Inn,Alvaro Obregon,19.359053,-99.184317,Arroyo,Instalada
Ce,678,Francia,Tecoyotitla,Florida,Alvaro Obregon,19.35886344,-99.18292974,Arroyo,Instalada
Ce,679,Olivo,Tecoyotitla,Florida,Alvaro Obregon,19.354886,-99.184642,Arroyo,Instalada
Ce,680,Diego Becerra,Av. Revolución,San Jose Insurgentes,Benito Juarez,19.36672,-99.188409,Arroyo,Instalada
Ce,681,Guty Cárdenas,Ricardo Castro,Guadalupe Inn,Alvaro Obregon,19.355817,-99.189142,Arroyo,Instalada
Ce,682,Manuel M. Ponce,Fernando M. Villalpando,Guadalupe Inn,Alvaro Obregon,19.35355,-99.189519,Arroyo,Instalada
Ce,683,Pedro Luis Ogazón,Insurgentes Sur,San Angel,Alvaro Obregon,19.3503611,-99.1871111,Arroyo,Instalada
Ce,684,Vito Alessio Robles,Tecoyotitla,Guadalupe Chimalistac,Alvaro Obregon,19.351594,-99.184772,Arroyo,Instalada
Ce,685,Av De La Paz,Insurgentes,Guadalupe Chimalistac,Alvaro Obregon,19.347693,-99.187026,Banqueta,Instalada
Ce,686,Vito Alessio Robles,Universidad,Agricola,Alvaro Obregon,19.352203,-99.178393,Arroyo,Instalada
Ce,687,Francisco Sosa,Panzacola,Santa Catarina,Coyoacan,19.349348,-99.179015,Arroyo,Instalada
Ce,688,Panzacola,Miguel Ángel De Quevedo,Santa Catarina,Coyoacan,19.346975,-99.178791,Arroyo,Instalada
Ce,689,G. Pérez Valenzuela,Salvador Novo,Santa Catarina,Coyoacan,19.351426,-99.175455,Arroyo,Instalada
Ce,690,Tata Vasco,Av. Miguel Ángel De Quevedo,Santa Catarina,Coyoacan,19.3459701,-99.17296,Arroyo,Instalada
Ce,691,Melchor Ocampo,Dulce Olivia,Santa Catarina,Coyoacan,19.347283,-99.170834,Arroyo,Instalada
Ce,692,Presidente Carranza,Francisco Sosa,Santa Catarina,Coyoacan,19.349149,-99.169646,Arroyo,Instalada
Ce,693,Xicoténcatl,Vicente Guerrero,Del Carmen,Coyoacan,19.352531,-99.164913,Arroyo,Instalada
Ce,694,Ignacio Aldama,Centenario,Del Carmen,Coyoacan,19.353243,-99.163753,Arroyo,Instalada
Ce,695,Malintzin,Allende,Del Carmen,Coyoacan,19.352143,-99.162096,Arroyo,Instalada
Ce,696,México,Malintzin,Del Carmen,Coyoacan,19.35154,-99.164523,Arroyo,Instalada
Ce,697,Francisco Sosa,Tres Cruces,Villa Coyoacan,Coyoacan,19.349277,-99.164921,Arroyo,Instalada
Ce,698,Cerrada Zamora,Av. Miguel Ángel De Quevedo,Villa Coyoacan,Coyoacan,19.344855,-99.163575,Arroyo,Instalada
Ce,699,San Gregorio,Felipe Carrillo Puerto,Villa Coyoacan,Coyoacan,19.346895,-99.163868,Arroyo,Instalada
Ce,700,Abasolo,Miguel Hidalgo,Del Carmen,Coyoacan,19.350062,-99.160024,Arroyo,Instalada
Ce,701,Cuauhtémoc,Morelos,Del Carmen,Coyoacan,19.352052,-99.157981,Arroyo,Instalada
Ce,702,Fernández Leal,Plaza De La Conchita,Barrio La Concepcion,Coyoacan,19.347246,-99.15857,Arroyo,Instalada
Ce,703,Miguel Hidalgo,Calzada General Anaya,Del Carmen,Coyoacan,19.350776,-99.155379,Arroyo,Instalada
Ce,704,Pacífico,Asia,Barrio La Concepcion,Coyoacan,19.344976,-99.157824,Arroyo,Instalada
Ce,705,Europa,Miguel Ángel De Quevedo,Parque San Andres,Coyoacan,19.34406,-99.155983,Arroyo,Instalada
Ce,706,Canadá,Acolotitla,Barrio San Lucas,Coyoacan,19.347503,-99.15244,Arroyo,Instalada
Ce,707,Irlanda,División Del Norte,Parque San Andres,Coyoacan,19.348076,-99.14906,Arroyo,Instalada
Ce,708,Irlanda,Canada,Parque San Andres,Coyoacan,19.346489,-99.145828,Arroyo,Instalada
Ce,709,Inglaterra,Antigua Taxqueña,Parque San Andres,Coyoacan,19.344271,-99.149973,Arroyo,Instalada
Ce,710,Molino Del Rey,Glorieta De La Lealtad,San Miguel Chapultepec,Miguel Hidalgo,19.4168415,-99.1925204,Calzada,Instalada
Ce,711,Molino Del Rey,Av. Constituyentes,San Miguel Chapultepec,Miguel Hidalgo,19.4136683,-99.1919528,Calzada,Instalada
